date,km,moving,pace
2026-10-10,3.09,19:34,6:20
2026-10-07,4.21,25:59,6:10
2026-10-06,2.08,12:44,6:07
2026-10-04,12.02,1:14:04,6:10
2026-09-30,4.18,26:18,6:17
2026-09-27,11.06,1:04:12,5:48
2026-09-26,2.01,14:34,7:14
2026-09-25,3.02,22:08,7:19
2026-09-23,3.05,18:54,6:11
2026-09-22,3.06,21:22,6:58
2026-09-20,4.11,21:33,5:14
2026-09-18,3.02,21:20,7:03
2026-09-17,3.01,21:05,7:00
2026-09-15,6.01,39:41,6:36
2026-09-13,10.07,1:09:08,6:51
2026-09-13,6.01,35:54,5:58
2026-09-09,6.52,39:23,6:02
2026-09-06,10.05,1:19:44,7:56
2026-09-05,10.31,58:52,5:42
2026-09-02,4.16,29:38,7:07
2026-09-02,4.05,29:42,7:20
2026-09-01,3.76,31:57,8:29
2026-08-29,8.03,42:53,5:20
2026-08-27,0.72,7:58,11:03
2026-08-26,7.80,45:17,5:48
2026-08-22,10.01,54:56,5:29
2026-08-19,4.02,21:27,5:20
2026-08-15,1.95,12:52,6:35
2026-08-15,7.09,39:48,5:36
2026-08-12,2.10,15:13,7:14
2026-08-09,0.99,6:20,6:23
2026-08-08,2.05,12:26,6:03
2026-08-07,2.05,12:54,6:17
2026-08-05,5.02,27:06,5:23
2026-08-03,1.47,9:21,6:21
2026-08-02,5.02,27:47,5:32
2026-08-01,1.47,24:32,16:41
2026-08-01,0.69,7:40,11:06
2026-07-30,2.30,18:25,8:00
2026-07-29,2.99,22:07,7:23
2026-07-29,2.19,13:52,6:19
2026-07-27,3.00,26:10,8:43
2026-07-21,1.41,8:37,6:06
2026-07-19,2.19,20:02,9:08
2026-07-19,1.70,20:06,11:49
2026-07-18,2.17,15:22,7:04
2026-07-18,3.05,26:02,8:32
2026-07-14,2.03,13:47,6:47
2026-07-13,1.05,11:47,11:13
2026-07-12,2.05,12:28,6:04
2026-07-12,3.05,19:32,6:24
2026-07-10,2.05,11:55,5:48
2026-07-09,3.60,28:36,7:56
2026-07-05,4.13,22:18,5:23
2026-07-04,2.85,21:23,7:30
2026-07-03,3.60,34:57,9:42
