month,runs,km,moving_time,avg_pace
2025-03,3,8.24,1:03:25,7:41
2025-04,5,12.68,1:31:39,7:13
2025-05,5,20.45,2:08:57,6:18
2025-06,0,0,0:00:00,
2025-07,13,24.49,7:40:28,18:48
2025-08,9,25.62,4:41:01,10:58
2025-09,7,28.64,3:04:23,6:26
2025-10,2,1.09,0:05:53,5:23
2025-11,1,2.91,0:18:26,6:20
2025-12,2,3.15,0:58:14,18:29
2026-01,0,0,0:00:00,
2026-02,5,25.79,3:08:41,7:18
2026-03,9,43.15,4:29:29,6:14
2026-04,6,19.14,2:07:53,6:40
2026-05,13,44.20,4:10:52,5:40
2026-06,18,47.51,6:30:03,8:12
2026-07,18,45.41,5:47:26,7:39
2026-08,16,60.48,6:08:30,6:05
2026-09,18,97.46,10:45:25,6:37
2026-10,4,21.40,2:12:21,6:11
