date,start_time,name,type,elapsed,moving,avg_hr,max_hr,calories,distance_km,url
2026-10-03,16:12,Afternoon Activity,Workout,1:08:13,1:08:13,152,180,701,0.000,https://www.strava.com/activities/20430290116
2026-09-12,16:26,Afternoon Workout,Workout,0:53:57,0:53:57,160,182,541,0.000,https://www.strava.com/activities/20140441737
2026-09-05,16:22,Afternoon Workout,Workout,0:55:59,0:55:59,162,187,595,0.000,https://www.strava.com/activities/20043658015
2026-08-29,16:15,Afternoon Workout,Workout,1:05:42,1:05:42,158,185,669,0.000,https://www.strava.com/activities/19945941577
2026-08-11,21:55,Night Workout,Workout,0:55:27,0:55:27,97,131,220,0.000,https://www.strava.com/activities/19696347780
2026-07-29,17:34,Afternoon Workout,Workout,0:29:36,0:29:36,108,138,162,0.000,https://www.strava.com/activities/19511956107
2026-07-12,20:03,Evening Stair-Stepper,Stair-Stepper,0:10:18,0:10:18,133,143,92,0.000,https://www.strava.com/activities/19281333048
2026-07-04,17:00,Afternoon Swim,Swim,0:19:56,0:19:46,,,131,0.550,https://www.strava.com/activities/19173112297
2026-07-03,22:37,Night Workout,Workout,0:19:48,0:19:48,102,130,97,0.000,https://www.strava.com/activities/19164353624
2026-06-16,20:07,Evening Workout,Workout,0:41:46,0:41:46,101,126,178,0.000,https://www.strava.com/activities/18942883398
2026-06-13,18:50,Evening Workout,Workout,2:03:45,2:03:45,96,150,441,0.000,https://www.strava.com/activities/18910003115
2026-06-10,20:29,Evening Workout,Workout,0:46:12,0:46:12,108,137,231,0.000,https://www.strava.com/activities/18864669990
2026-06-07,09:41,Morning Workout,Workout,0:36:11,0:36:11,136,166,304,0.000,https://www.strava.com/activities/18817587708
2026-06-06,21:18,Night Workout,Workout,0:46:57,0:46:57,96,136,181,0.000,https://www.strava.com/activities/18810697961
2026-06-03,20:37,Evening Workout,Workout,0:45:46,0:45:46,100,122,186,0.000,https://www.strava.com/activities/18769868689
2026-05-27,15:22,Afternoon Workout,Workout,0:41:53,0:41:53,94,134,156,0.000,https://www.strava.com/activities/18671772267
2026-05-22,21:48,Night Workout,Workout,0:42:32,0:42:32,103,124,188,0.000,https://www.strava.com/activities/18609063673
2026-05-17,15:59,Afternoon Workout,Workout,0:11:10,0:11:10,109,123,63,0.000,https://www.strava.com/activities/18538428021
2026-05-16,16:26,Afternoon Workout,Workout,1:09:00,1:09:00,144,179,527,0.000,https://www.strava.com/activities/18526345247
2026-05-10,17:16,Afternoon Workout,Workout,1:00:37,1:00:37,110,138,309,0.000,https://www.strava.com/activities/18449720529
2026-05-02,21:32,Night Workout,Workout,1:04:37,1:04:37,96,126,244,0.000,https://www.strava.com/activities/18347324127
2026-05-02,10:39,Morning Workout,Workout,0:47:26,0:47:26,141,169,392,0.000,https://www.strava.com/activities/18340639131
2026-04-27,13:36,Afternoon Workout,Workout,0:29:14,0:29:14,111,137,171,0.000,https://www.strava.com/activities/18274476931
2026-04-22,12:28,Lunch Workout,Workout,0:34:55,0:34:55,115,151,209,0.000,https://www.strava.com/activities/18207178880
2026-04-21,11:53,Lunch Workout,Workout,0:45:47,0:45:47,110,149,227,0.000,https://www.strava.com/activities/18192650668
2026-04-19,11:51,Lunch Workout,Workout,1:24:17,1:24:17,106,142,384,0.000,https://www.strava.com/activities/18166378241
2026-04-18,19:30,Evening Workout,Workout,1:38:27,1:38:27,100,126,374,0.000,https://www.strava.com/activities/18158101283
2026-04-12,10:35,Morning Workout,Workout,0:53:15,0:53:15,107,146,236,0.000,https://www.strava.com/activities/18073857733
2026-04-04,10:59,Morning Workout,Workout,1:51:53,1:51:53,98,175,396,0.000,https://www.strava.com/activities/17969756832
2026-04-01,20:48,Evening Workout,Workout,0:59:54,0:59:54,105,134,264,0.000,https://www.strava.com/activities/17937936378
2026-03-29,11:46,Lunch Workout,Workout,1:15:02,1:15:02,102,145,312,0.000,https://www.strava.com/activities/17896007256
2026-03-28,16:20,Afternoon Workout,Workout,1:01:55,1:01:55,167,188,701,0.000,https://www.strava.com/activities/17885139229
2026-03-26,23:22,Night Workout,Workout,0:28:50,0:28:50,100,126,125,0.000,https://www.strava.com/activities/17866634510
2026-03-21,16:16,Afternoon Workout,Workout,1:09:10,1:09:10,171,195,797,0.000,https://www.strava.com/activities/17799732491
2026-03-19,20:00,Evening Workout,Workout,0:36:11,0:36:11,166,188,414,0.000,https://www.strava.com/activities/17778728063
2026-03-18,20:12,Evening Workout,Workout,0:54:07,0:54:07,113,141,295,0.000,https://www.strava.com/activities/17766351641
2026-03-14,17:57,Afternoon Workout,Workout,0:37:51,0:37:51,149,189,259,0.000,https://www.strava.com/activities/17717367134
2026-03-12,19:52,Evening Workout,Workout,0:45:06,0:45:06,108,142,221,0.000,https://www.strava.com/activities/17696308067
2026-03-10,20:46,Evening Workout,Workout,1:05:49,1:05:49,101,173,267,0.000,https://www.strava.com/activities/17672587489
2026-03-06,20:03,Evening Workout,Workout,0:48:17,0:48:17,116,142,273,0.000,https://www.strava.com/activities/17624060159
2026-03-03,20:32,Evening Workout,Workout,0:55:33,0:55:33,110,135,271,0.000,https://www.strava.com/activities/17587859742
2026-03-02,19:22,Evening Workout,Workout,0:54:27,0:54:27,105,151,250,0.000,https://www.strava.com/activities/17574928122
2026-03-01,11:15,Lunch Workout,Workout,1:26:14,1:26:14,101,133,313,0.000,https://www.strava.com/activities/17559926147
2026-02-28,16:22,Afternoon Workout,Workout,0:56:01,0:56:01,108,186,269,0.000,https://www.strava.com/activities/17549541827
2026-02-28,14:11,Afternoon Workout,Workout,0:45:10,0:45:10,96,128,157,0.000,https://www.strava.com/activities/17548533647
2026-02-26,21:28,Night Workout,Workout,0:39:37,0:39:37,117,141,226,0.000,https://www.strava.com/activities/17530335080
2026-02-23,21:02,Night Workout,Workout,0:46:50,0:46:50,105,137,204,0.000,https://www.strava.com/activities/17494217750
2026-02-22,11:08,Lunch Workout,Workout,1:54:34,1:54:34,103,133,420,0.000,https://www.strava.com/activities/17479079740
2026-02-20,19:16,Evening Workout,Workout,0:54:44,0:54:44,114,140,275,0.000,https://www.strava.com/activities/17461073147
2026-02-13,20:45,Evening Workout,Workout,0:38:16,0:38:16,105,134,165,0.000,https://www.strava.com/activities/17383962991
2026-02-11,21:12,Night Workout,Workout,0:48:09,0:48:09,111,146,221,0.000,https://www.strava.com/activities/17362644376
2026-02-09,21:17,Night Workout,Workout,1:08:29,1:08:29,109,142,299,0.000,https://www.strava.com/activities/17339569510
2026-02-07,16:23,Afternoon Workout,Workout,0:57:45,0:57:45,152,188,446,0.000,https://www.strava.com/activities/17313997496
2026-02-05,21:17,Night Workout,Workout,1:04:09,1:04:09,113,144,295,0.000,https://www.strava.com/activities/17295689205
2026-02-02,21:54,Night Workout,Workout,0:51:12,0:51:12,109,135,230,0.000,https://www.strava.com/activities/17260808167
2026-02-01,11:09,Lunch Workout,Workout,0:52:39,0:52:39,112,143,255,0.000,https://www.strava.com/activities/17245092788
2026-01-31,16:17,Afternoon Workout,Workout,1:08:49,1:08:49,150,195,581,0.000,https://www.strava.com/activities/17235494762
2026-01-29,20:28,Evening Workout,Workout,1:04:17,1:04:17,119,146,343,0.000,https://www.strava.com/activities/17216756091
2026-01-28,22:21,Night Workout,Workout,1:00:06,1:00:06,110,156,279,0.000,https://www.strava.com/activities/17206413582
2026-01-27,20:18,Evening Workout,Workout,0:58:08,0:58:08,128,155,383,0.000,https://www.strava.com/activities/17193579876
2026-01-25,14:09,Afternoon Workout,Workout,1:42:08,1:42:08,111,154,455,0.000,https://www.strava.com/activities/17168255588
2026-01-24,10:39,Morning Workout,Workout,0:50:56,0:50:56,146,176,422,0.000,https://www.strava.com/activities/17156124734
2026-01-19,23:04,Night Workout,Workout,0:26:08,0:26:08,129,157,186,0.000,https://www.strava.com/activities/17110412131
2026-01-18,10:58,Morning Workout,Workout,1:39:55,1:39:55,106,156,416,0.000,https://www.strava.com/activities/17088077700
2026-01-17,16:16,Afternoon Workout,Workout,1:05:22,1:05:22,158,198,573,0.000,https://www.strava.com/activities/17077854406
2026-01-14,22:30,Night Workout,Workout,1:13:41,1:13:41,118,153,405,0.000,https://www.strava.com/activities/17048009737
2026-01-11,12:21,Lunch Workout,Workout,0:45:31,0:45:31,113,141,226,0.000,https://www.strava.com/activities/17007695646
2026-01-10,16:08,Afternoon Workout,Workout,1:14:08,1:14:08,154,189,678,0.000,https://www.strava.com/activities/16997531854
2026-01-10,12:10,Lunch Workout,Workout,1:48:29,1:48:29,112,188,482,0.000,https://www.strava.com/activities/16996479425
2026-01-07,23:43,Night Workout,Workout,0:26:28,0:26:28,126,155,187,0.000,https://www.strava.com/activities/16969308554
2026-01-05,23:19,Night Workout,Workout,0:52:37,0:52:37,115,155,275,0.000,https://www.strava.com/activities/16946384715
2026-01-04,19:50,Evening Workout,Workout,1:12:46,1:12:46,115,154,393,0.000,https://www.strava.com/activities/16934245688
2026-01-02,18:01,Evening Workout,Workout,0:43:34,0:43:34,124,186,278,0.000,https://www.strava.com/activities/16910625603
2025-12-25,16:25,Afternoon Workout,Workout,1:01:50,1:01:50,113,172,288,0.000,https://www.strava.com/activities/16834911979
2025-12-25,10:43,Morning Workout,Workout,0:49:54,0:49:54,142,169,393,0.000,https://www.strava.com/activities/16834021040
2025-12-24,07:35,Morning Workout,Workout,0:37:19,0:37:19,121,159,227,0.000,https://www.strava.com/activities/16824843838
2025-12-22,22:52,Night Workout,Workout,0:54:18,0:54:18,102,138,231,0.000,https://www.strava.com/activities/16811998475
2025-12-20,17:55,Afternoon Workout,Workout,0:51:22,0:51:22,97,130,189,0.000,https://www.strava.com/activities/16791704462
2025-12-16,18:59,Evening Workout,Workout,1:23:46,1:23:46,108,152,364,0.000,https://www.strava.com/activities/16758268883
2025-12-14,11:03,Lunch Workout,Workout,0:59:01,0:59:01,107,131,250,0.000,https://www.strava.com/activities/16736531231
2025-12-13,20:43,Evening Workout,Workout,0:29:04,0:29:04,127,156,204,0.000,https://www.strava.com/activities/16730805701
2025-12-09,18:57,Evening Workout,Workout,1:25:58,1:25:58,108,145,367,0.000,https://www.strava.com/activities/16693171700
2025-12-07,22:29,Night Workout,Workout,0:23:59,0:23:59,115,146,130,0.000,https://www.strava.com/activities/16676510240
2025-12-06,15:39,Afternoon Workout,Workout,1:13:40,1:13:40,143,188,576,0.000,https://www.strava.com/activities/16663238038
2025-12-05,15:19,Afternoon Workout,Workout,1:15:57,1:15:57,120,154,399,0.000,https://www.strava.com/activities/16654824276
2025-12-02,22:09,Night Workout,Workout,1:21:08,1:21:08,102,140,303,0.000,https://www.strava.com/activities/16629376228
2025-12-01,23:45,Night Workout,Workout,0:56:13,0:56:13,109,148,245,0.000,https://www.strava.com/activities/16620034563
2025-11-30,21:44,Night Workout,Workout,1:04:59,1:04:59,103,135,245,0.000,https://www.strava.com/activities/16611067334
2025-11-29,23:54,Night Workout,Workout,0:45:39,0:45:39,103,133,183,0.000,https://www.strava.com/activities/16602150759
2025-11-27,20:09,Evening Workout,Workout,1:00:33,1:00:33,159,192,490,0.000,https://www.strava.com/activities/16581510333
2025-11-25,19:38,Evening Workout,Workout,2:33:08,2:33:08,104,158,563,0.000,https://www.strava.com/activities/16562310787
2025-11-24,22:18,Night Workout,Workout,1:02:16,1:02:16,105,137,255,0.000,https://www.strava.com/activities/16553014828
2025-11-22,15:25,Afternoon Workout,Workout,1:26:40,1:26:40,175,194,907,0.000,https://www.strava.com/activities/16530612309
2025-11-19,06:45,Morning Workout,Workout,0:53:57,0:53:57,122,159,314,0.000,https://www.strava.com/activities/16500034905
2025-11-18,19:16,Evening Workout,Workout,1:37:04,1:37:04,101,134,344,0.000,https://www.strava.com/activities/16494280370
2025-11-17,23:17,Night Workout,Workout,0:22:48,0:22:48,122,148,141,0.000,https://www.strava.com/activities/16485539751
2025-11-16,11:36,Lunch Workout,Workout,1:06:36,1:06:36,101,135,238,0.000,https://www.strava.com/activities/16471355782
2025-11-15,13:22,Afternoon Workout,Workout,0:58:44,0:58:44,102,151,245,0.000,https://www.strava.com/activities/16461349442
2025-11-13,22:22,Night Workout,Workout,1:04:57,1:04:57,94,138,201,0.000,https://www.strava.com/activities/16446630834
2025-11-09,11:23,Lunch Workout,Workout,0:57:50,0:57:50,108,144,232,0.000,https://www.strava.com/activities/16400104103
2025-11-08,16:20,Afternoon Workout,Workout,1:37:32,1:37:32,160,196,762,0.000,https://www.strava.com/activities/16391324405
2025-11-06,22:02,Night Workout,Workout,1:10:52,1:10:52,95,130,227,0.000,https://www.strava.com/activities/16374592124
2025-11-02,18:27,Evening Workout,Workout,0:46:37,0:46:37,125,159,270,0.000,https://www.strava.com/activities/16330240532
2025-11-02,10:40,Morning Workout,Workout,0:48:43,0:48:43,170,193,474,0.000,https://www.strava.com/activities/16327344838
2025-11-01,15:47,Afternoon Workout,Workout,1:23:49,1:23:49,160,188,724,0.000,https://www.strava.com/activities/16318537453
2025-10-30,22:45,Night Workout,Workout,0:47:12,0:47:12,107,135,196,0.000,https://www.strava.com/activities/16303227254
2025-10-27,22:32,Night Workout,Workout,1:00:17,1:00:17,103,138,223,0.000,https://www.strava.com/activities/16272262667
2025-10-25,11:46,Lunch Workout,Workout,1:15:40,1:15:40,110,149,328,0.000,https://www.strava.com/activities/16247295536
2025-10-23,18:26,Evening Workout,Workout,1:03:55,1:03:55,118,156,332,0.000,https://www.strava.com/activities/16230538548
2025-10-22,08:59,Morning Workout,Workout,1:07:35,1:07:35,105,150,269,0.000,https://www.strava.com/activities/16217730320
2025-10-18,21:56,Night Workout,Workout,1:01:33,1:01:33,117,143,303,0.000,https://www.strava.com/activities/16181497953
2025-10-16,22:10,Night Workout,Workout,0:37:04,0:37:04,98,123,134,0.000,https://www.strava.com/activities/16163825259
2025-10-15,06:40,Morning Workout,Workout,0:21:12,0:21:12,99,129,85,0.000,https://www.strava.com/activities/16145128324
2025-10-08,07:11,Morning Workout,Workout,0:44:41,0:44:41,117,153,242,0.000,https://www.strava.com/activities/16070988442
2025-10-07,07:42,Morning Workout,Workout,0:14:39,0:14:39,118,166,81,0.000,https://www.strava.com/activities/16059255585
2025-10-05,16:36,Afternoon Workout,Workout,0:53:44,0:53:44,120,158,276,0.000,https://www.strava.com/activities/16043365194
2025-10-04,11:10,Lunch Workout,Workout,1:13:15,1:13:15,114,183,320,0.000,https://www.strava.com/activities/16028478613
2025-10-01,21:04,Night Workout,Workout,1:29:13,1:29:13,90,142,254,0.000,https://www.strava.com/activities/16002742901
2025-10-01,06:47,Morning Workout,Workout,0:14:25,0:14:25,126,145,99,0.000,https://www.strava.com/activities/15994434161
2025-09-30,06:31,Morning Workout,Workout,0:29:46,0:29:46,122,163,179,0.000,https://www.strava.com/activities/15982699859
2025-09-29,06:05,Morning Workout,Workout,0:46:52,0:46:52,117,159,235,0.000,https://www.strava.com/activities/15971778545
2025-09-23,23:03,Night Workout,Workout,0:41:35,0:41:35,99,134,150,0.000,https://www.strava.com/activities/15910908675
2025-09-21,23:30,Night Workout,Workout,0:16:58,0:16:58,106,117,75,0.000,https://www.strava.com/activities/15890127346
2025-09-17,23:24,Night Workout,Workout,0:35:45,0:35:45,92,122,109,0.000,https://www.strava.com/activities/15843919442
2025-09-15,23:39,Night Workout,Workout,0:37:37,0:37:37,99,146,133,0.000,https://www.strava.com/activities/15820768678
2025-09-14,10:32,Morning Workout,Workout,0:52:56,0:52:56,127,173,319,0.000,https://www.strava.com/activities/15803692133
2025-09-08,23:32,Night Workout,Workout,0:49:20,0:49:20,97,156,168,0.000,https://www.strava.com/activities/15741587746
2025-09-07,16:13,Afternoon Workout,Workout,0:49:21,0:49:21,109,148,214,0.000,https://www.strava.com/activities/15725763952
2025-08-31,11:12,Lunch Workout,Workout,0:56:56,0:56:56,128,174,367,0.000,https://www.strava.com/activities/15643939723
2025-08-30,10:13,Morning Workout,Workout,1:51:39,1:51:39,109,157,462,0.000,https://www.strava.com/activities/15632733084
2025-08-29,11:02,Lunch Workout,Workout,0:13:42,0:13:42,126,155,92,0.000,https://www.strava.com/activities/15622787529
2025-08-28,17:53,Afternoon Workout,Workout,0:50:24,0:50:24,109,141,169,0.000,https://www.strava.com/activities/15615004198
2025-08-27,08:06,Morning Workout,Workout,0:31:12,0:31:12,118,139,178,0.000,https://www.strava.com/activities/15599286320
2025-08-26,23:32,Night Workout,Workout,1:03:32,1:03:32,84,127,158,0.000,https://www.strava.com/activities/15594568005
2025-08-26,08:06,Morning Workout,Workout,0:50:27,0:50:27,121,153,277,0.000,https://www.strava.com/activities/15587121302
2025-08-24,10:30,Morning Workout,Workout,0:57:02,0:57:02,135,180,410,0.000,https://www.strava.com/activities/15564669423
2025-08-23,16:55,Afternoon Workout,Workout,0:34:15,0:34:15,149,187,264,0.000,https://www.strava.com/activities/15555322592
2025-08-21,23:09,Night Workout,Workout,0:53:21,0:53:21,96,141,192,0.000,https://www.strava.com/activities/15537468062
2025-08-20,07:40,Morning Workout,Workout,0:54:55,0:54:55,109,166,250,0.000,https://www.strava.com/activities/15519160096
2025-08-18,07:44,Morning Workout,Workout,1:00:27,1:00:27,108,162,268,0.000,https://www.strava.com/activities/15495750402
2025-08-17,10:37,Morning Workout,Workout,0:57:46,0:57:46,141,183,428,0.000,https://www.strava.com/activities/15484788295
2025-08-16,16:02,Afternoon Workout,Workout,1:37:03,1:37:03,148,190,761,0.000,https://www.strava.com/activities/15475946151
2025-08-14,19:10,Evening Workout,Workout,0:57:50,0:57:50,106,149,245,0.000,https://www.strava.com/activities/15455633241
2025-08-11,07:46,Morning Workout,Workout,0:47:38,0:47:38,101,152,198,0.000,https://www.strava.com/activities/15416204107
2025-08-08,07:21,Morning Workout,Workout,0:55:42,0:55:42,112,153,280,0.000,https://www.strava.com/activities/15382623228
2025-08-05,22:40,Night Workout,Workout,0:46:14,0:46:14,97,127,173,0.000,https://www.strava.com/activities/15353821555
2025-08-05,08:51,Morning Workout,Workout,0:46:50,0:46:50,103,141,205,0.000,https://www.strava.com/activities/15347419950
2025-08-02,08:51,Morning Swim,Swim,1:02:50,1:01:19,,,169,0.467,https://www.strava.com/activities/15314060283
2025-07-29,09:29,Morning Workout,Workout,0:10:07,0:10:07,113,122,59,0.000,https://www.strava.com/activities/15293570621
2025-07-27,20:46,Evening Workout,Workout,1:31:25,1:31:25,101,141,351,0.000,https://www.strava.com/activities/15293570638
2025-07-24,07:51,Morning Workout,Workout,0:41:35,0:41:35,120,156,241,0.000,https://www.strava.com/activities/15293570636
2025-07-23,07:39,Morning Workout,Workout,0:51:36,0:51:36,114,150,261,0.000,https://www.strava.com/activities/15293570633
2025-07-20,10:37,Morning Workout,Workout,0:45:46,0:45:46,146,181,390,0.000,https://www.strava.com/activities/15293570629
2025-07-19,17:16,Afternoon Workout,Workout,1:29:14,1:29:14,127,181,531,0.000,https://www.strava.com/activities/15293570643
2025-07-17,20:10,Evening Workout,Workout,1:07:42,1:07:42,161,198,534,0.000,https://www.strava.com/activities/15293570630
2025-07-13,23:02,Night Workout,Workout,0:47:26,0:47:26,102,144,193,0.000,https://www.strava.com/activities/15293570627
2025-07-12,16:08,Afternoon Workout,Workout,1:41:45,1:41:45,157,191,926,0.000,https://www.strava.com/activities/15293570635
2025-07-06,22:12,Night Workout,Workout,0:39:23,0:39:23,102,151,160,0.000,https://www.strava.com/activities/15035664204
2025-07-06,10:48,Morning Workout,Workout,0:37:48,0:37:48,144,180,308,0.000,https://www.strava.com/activities/15035664157
2025-07-05,16:02,Afternoon Workout,Workout,0:36:34,0:36:34,116,142,192,0.000,https://www.strava.com/activities/15035664390
2025-07-02,22:45,Night Workout,Workout,0:49:19,0:49:19,107,177,225,0.000,https://www.strava.com/activities/15035664388
2025-06-28,16:15,Afternoon Workout,Workout,1:55:09,1:55:09,133,195,603,0.000,https://www.strava.com/activities/15035664401
2025-06-28,14:36,Afternoon Workout,Workout,0:45:23,0:45:23,94,126,151,0.000,https://www.strava.com/activities/15035664367
2025-06-26,22:47,Night Workout,Workout,1:19:49,1:19:49,106,159,328,0.000,https://www.strava.com/activities/15035664377
2025-06-21,16:32,Afternoon HIIT,HIIT,1:07:14,1:07:14,146,182,529,0.000,https://www.strava.com/activities/15035664215
2025-06-19,19:41,Evening Workout,Workout,0:14:03,0:14:03,165,187,147,0.000,https://www.strava.com/activities/15035664424
2025-06-15,10:37,Morning Workout,Workout,1:04:21,1:04:21,156,186,568,0.000,https://www.strava.com/activities/15035664404
2025-06-14,23:24,Night Workout,Workout,0:41:38,0:41:38,104,137,180,0.000,https://www.strava.com/activities/15035664371
2025-06-11,22:20,Night Workout,Workout,0:59:08,0:59:08,107,153,260,0.000,https://www.strava.com/activities/15035664177
2025-06-08,13:21,Afternoon Workout,Workout,1:18:48,1:18:48,106,165,343,0.000,https://www.strava.com/activities/15035664159
2025-06-07,10:31,Morning Workout,Workout,1:17:38,1:17:38,129,176,469,0.000,https://www.strava.com/activities/15035664427
2025-06-05,22:35,Night Workout,Workout,1:12:16,1:12:16,97,161,258,0.000,https://www.strava.com/activities/15035664208
2025-06-03,23:16,Night Workout,Workout,0:22:03,0:22:03,154,185,202,0.000,https://www.strava.com/activities/15035664523
2025-06-01,12:51,Lunch Workout,Workout,0:15:03,0:15:03,119,136,95,0.000,https://www.strava.com/activities/15035664486
2025-05-31,16:36,Afternoon Workout,Workout,0:49:36,0:49:36,144,181,371,0.000,https://www.strava.com/activities/15035664194
2025-05-29,22:35,Night Workout,Workout,1:16:38,1:16:38,91,129,232,0.000,https://www.strava.com/activities/15035664418
2025-05-27,21:14,Night Workout,Workout,1:14:24,1:14:24,112,166,353,0.000,https://www.strava.com/activities/15035664161
2025-05-24,16:00,Afternoon Workout,Workout,1:16:28,1:16:28,153,191,653,0.000,https://www.strava.com/activities/15035664409
2025-05-20,23:13,Night Workout,Workout,0:44:51,0:44:51,110,144,207,0.000,https://www.strava.com/activities/15035664365
2025-05-19,21:18,Night Workout,Workout,1:07:13,1:07:13,117,153,325,0.000,https://www.strava.com/activities/15035664403
2025-05-17,17:09,Afternoon Workout,Workout,0:30:43,0:30:43,124,153,193,0.000,https://www.strava.com/activities/15035664148
2025-05-15,22:17,Night Workout,Workout,1:17:36,1:17:36,103,171,302,0.000,https://www.strava.com/activities/15035664368
2025-05-14,23:15,Night Workout,Workout,0:47:15,0:47:15,104,195,198,0.000,https://www.strava.com/activities/15035664185
2025-05-13,21:49,Night Workout,Workout,1:12:55,1:12:55,94,131,235,0.000,https://www.strava.com/activities/15035664499
2025-05-10,10:29,Morning Workout,Workout,0:55:55,0:55:55,147,191,465,0.000,https://www.strava.com/activities/15035664155
2025-05-09,23:36,Night Workout,Workout,0:26:47,0:26:47,113,177,143,0.000,https://www.strava.com/activities/15035664380
2025-05-06,22:27,Night Workout,Workout,1:13:36,1:13:36,99,137,267,0.000,https://www.strava.com/activities/15035664158
2025-05-03,10:51,Morning Workout,Workout,0:46:38,0:46:38,155,174,430,0.000,https://www.strava.com/activities/15035664428
2025-05-02,23:55,Night Workout,Workout,1:41:12,1:41:12,94,145,320,0.000,https://www.strava.com/activities/15035664369
2025-04-29,20:30,Evening Workout,Workout,1:00:46,1:00:46,115,144,281,0.000,https://www.strava.com/activities/15035664171
2025-04-28,22:46,Night Workout,Workout,1:05:47,1:05:47,99,146,228,0.000,https://www.strava.com/activities/15035664518
2025-04-27,16:04,Afternoon Workout,Workout,0:51:01,0:51:01,98,128,172,0.000,https://www.strava.com/activities/15035664422
2025-04-25,22:32,Night Workout,Workout,1:15:58,1:15:58,97,128,241,0.000,https://www.strava.com/activities/15035664160
2025-04-20,22:34,Night Workout,Workout,1:06:32,1:06:32,106,162,263,0.000,https://www.strava.com/activities/15035664414
2025-04-19,14:57,Afternoon Workout,Workout,1:06:54,1:06:54,93,129,190,0.000,https://www.strava.com/activities/15035664181
2025-04-18,17:29,Afternoon Workout,Workout,1:06:31,1:06:31,118,166,325,0.000,https://www.strava.com/activities/15035664398
2025-04-18,13:54,Afternoon Workout,Workout,1:35:23,1:35:23,103,160,337,0.000,https://www.strava.com/activities/15035664417
2025-04-16,10:23,Morning Workout,Workout,0:34:59,0:34:59,110,157,150,0.000,https://www.strava.com/activities/15035664200
2025-04-15,13:24,Afternoon Workout,Workout,0:59:23,0:59:23,109,157,237,0.000,https://www.strava.com/activities/15035664381
2025-04-07,22:15,Night Workout,Workout,1:40:00,1:40:00,86,124,238,0.000,https://www.strava.com/activities/15035678968
2025-04-06,22:11,Night Workout,Workout,1:35:30,1:35:30,96,159,293,0.000,https://www.strava.com/activities/15035678979
2025-04-06,15:14,Afternoon Workout,Workout,1:03:43,1:03:43,96,133,195,0.000,https://www.strava.com/activities/15035678967
2025-04-05,13:35,Afternoon Workout,Workout,0:51:43,0:51:43,103,132,187,0.000,https://www.strava.com/activities/15035678951
2025-04-01,20:12,Evening Workout,Workout,1:04:46,1:04:46,99,147,231,0.000,https://www.strava.com/activities/15035678949
2025-03-31,15:49,Afternoon Workout,Workout,0:59:30,0:59:30,105,150,235,0.000,https://www.strava.com/activities/15035678959
2025-03-30,16:21,Afternoon Workout,Workout,0:55:01,0:55:01,89,131,156,0.000,https://www.strava.com/activities/15035678966
2025-03-30,10:02,Morning Workout,Workout,1:22:13,1:22:13,96,150,272,0.000,https://www.strava.com/activities/15035678970
2025-03-28,20:48,Evening Workout,Workout,0:33:51,0:33:51,102,138,131,0.000,https://www.strava.com/activities/15035678957
2025-03-25,23:26,Night Workout,Workout,0:26:32,0:26:32,124,188,162,0.000,https://www.strava.com/activities/15035678964
2025-03-22,17:43,Afternoon Workout,Workout,0:16:16,0:16:16,124,148,148,0.000,https://www.strava.com/activities/15035678945
2026-10-08,08:04,Morning Activity,Workout,0:46:35,0:46:35,104,132,147,0.000,https://www.strava.com/activities/20496583807
